ID,Class
6284,H
6285,R
6286,N
6287,O
6288,C
6289,E
6290,0
6291,a
6292,S
6293,H
6294,N
6295,H
6296,S
6297,H
6298,e
6299,A
6300,A
6301,H
6302,A
6303,S
6304,m
6305,C
6306,A
6307,H
6308,R
6309,S
6310,S
6311,O
6312,D
6313,r
6314,A
6315,W
6316,e
6317,O
6318,O
6319,N
6320,L
6321,0
6322,A
6323,I
6324,W
6325,I
6326,A
6327,a
6328,E
6329,1
6330,o
6331,A
6332,i
6333,v
6334,R
6335,E
6336,i
6337,I
6338,N
6339,L
6340,b
6341,S
6342,R
6343,S
6344,o
6345,M
6346,E
6347,A
6348,T
6349,E
6350,O
6351,p
6352,A
6353,I
6354,D
6355,L
6356,D
6357,O
6358,r
6359,N
6360,A
6361,N
6362,A
6363,N
6364,A
6365,M
6366,D
6367,e
6368,R
6369,I
6370,N
6371,A
6372,N
6373,R
6374,E
6375,E
6376,L
6377,A
6378,a
6379,S
6380,T
6381,M
6382,O
6383,E
6384,R
6385,N
6386,E
6387,A
6388,n
6389,o
6390,A
6391,A
6392,T
6393,A
6394,A
6395,E
6396,L
6397,T
6398,S
6399,A
6400,r
6401,S
6402,A
6403,E
6404,N
6405,M
6406,A
6407,a
6408,I
6409,S
6410,N
6411,C
6412,A
6413,O
6414,R
6415,E
6416,N
6417,o
6418,P
6419,N
6420,R
6421,e
6422,O
6423,N
6424,S
6425,L
6426,S
6427,A
6428,A
6429,O
6430,E
6431,O
6432,O
6433,S
6434,S
6435,O
6436,I
6437,I
6438,E
6439,e
6440,R
6441,R
6442,H
6443,N
6444,s
6445,I
6446,A
6447,T
6448,N
6449,A
6450,I
6451,L
6452,E
6453,G
6454,R
6455,E
6456,R
6457,R
6458,I
6459,T
6460,O
6461,N
6462,A
6463,E
6464,A
6465,C
6466,a
6467,C
6468,A
6469,A
6470,u
6471,H
6472,A
6473,H
6474,E
6475,N
6476,A
6477,H
6478,A
6479,A
6480,N
6481,T
6482,e
6483,T
6484,R
6485,H
6486,0
6487,E
6488,E
6489,E
6490,D
6491,O
6492,P
6493,A
6494,H
6495,R
6496,S
6497,E
6498,P
6499,U
6500,e
6501,e
6502,E
6503,n
6504,A
6505,I
6506,O
6507,I
6508,a
6509,E
6510,H
6511,B
6512,E
6513,I
6514,M
6515,A
6516,N
6517,A
6518,A
6519,N
6520,O
6521,e
6522,P
6523,e
6524,S
6525,L
6526,E
6527,I
6528,L
6529,L
6530,r
6531,2
6532,H
6533,s
6534,a
6535,C
6536,L
6537,R
6538,L
6539,H
6540,I
6541,O
6542,R
6543,E
6544,O
6545,h
6546,R
6547,T
6548,N
6549,I
6550,A
6551,A
6552,N
6553,M
6554,e
6555,I
6556,w
6557,n
6558,T
6559,I
6560,B
6561,E
6562,O
6563,U
6564,G
6565,E
6566,I
6567,T
6568,L
6569,N
6570,F
6571,A
6572,O
6573,N
6574,s
6575,O
6576,R
6577,O
6578,0
6579,R
6580,A
6581,A
6582,R
6583,A
6584,N
6585,T
6586,I
6587,A
6588,C
6589,A
6590,A
6591,E
6592,I
6593,L
6594,e
6595,R
6596,I
6597,o
6598,I
6599,A
6600,I
6601,O
6602,P
6603,E
6604,O
6605,S
6606,L
6607,E
6608,i
6609,T
6610,A
6611,C
6612,N
6613,A
6614,a
6615,C
6616,D
6617,P
6618,M
6619,E
6620,R
6621,O
6622,C
6623,O
6624,T
6625,n
6626,G
6627,P
6628,O
6629,A
6630,K
6631,O
6632,T
6633,E
6634,r
6635,B
6636,O
6637,0
6638,T
6639,A
6640,C
6641,T
6642,P
6643,R
6644,s
6645,E
6646,i
6647,C
6648,C
6649,O
6650,P
6651,A
6652,R
6653,O
6654,N
6655,P
6656,R
6657,P
6658,A
6659,t
6660,e
6661,E
6662,L
6663,R
6664,E
6665,A
6666,R
6667,o
6668,A
6669,a
6670,I
6671,A
6672,R
6673,O
6674,R
6675,I
6676,A
6677,n
6678,P
6679,1
6680,L
6681,T
6682,E
6683,L
6684,A
6685,B
6686,A
6687,A
6688,R
6689,L
6690,A
6691,S
6692,T
6693,A
6694,O
6695,A
6696,C
6697,E
6698,P
6699,A
6700,G
6701,O
6702,N
6703,I
6704,O
6705,A
6706,H
6707,E
6708,I
6709,C
6710,I
6711,O
6712,A
6713,T
6714,e
6715,E
6716,A
6717,R
6718,A
6719,R
6720,V
6721,S
6722,A
6723,M
6724,n
6725,M
6726,T
6727,N
6728,E
6729,E
6730,y
6731,A
6732,T
6733,G
6734,E
6735,l
6736,a
6737,O
6738,R
6739,n
6740,E
6741,M
6742,T
6743,E
6744,A
6745,C
6746,R
6747,N
6748,a
6749,n
6750,I
6751,t
6752,t
6753,D
6754,R
6755,U
6756,S
6757,A
6758,R
6759,A
6760,T
6761,E
6762,o
6763,A
6764,O
6765,S
6766,I
6767,V
6768,A
6769,O
6770,t
6771,H
6772,A
6773,N
6774,V
6775,T
6776,A
6777,E
6778,O
6779,0
6780,C
6781,a
6782,R
6783,A
6784,I
6785,C
6786,t
6787,I
6788,M
6789,a
6790,0
6791,2
6792,N
6793,O
6794,V
6795,T
6796,R
6797,A
6798,U
6799,O
6800,A
6801,r
6802,O
6803,A
6804,A
6805,a
6806,I
6807,A
6808,C
6809,r
6810,D
6811,N
6812,T
6813,S
6814,A
6815,O
6816,A
6817,S
6818,I
6819,O
6820,A
6821,I
6822,S
6823,t
6824,L
6825,R
6826,S
6827,N
6828,N
6829,E
6830,R
6831,a
6832,C
6833,E
6834,S
6835,C
6836,E
6837,A
6838,A
6839,e
6840,I
6841,I
6842,a
6843,E
6844,E
6845,d
6846,A
6847,a
6848,I
6849,i
6850,A
6851,O
6852,T
6853,E
6854,F
6855,O
6856,F
6857,I
6858,N
6859,L
6860,A
6861,e
6862,E
6863,T
6864,A
6865,I
6866,E
6867,K
6868,T
6869,A
6870,E
6871,L
6872,T
6873,O
6874,S
6875,A
6876,I
6877,A
6878,L
6879,I
6880,O
6881,E
6882,O
6883,T
6884,L
6885,4
6886,I
6887,A
6888,A
6889,E
6890,A
6891,S
6892,a
6893,I
6894,T
6895,T
6896,1
6897,N
6898,r
6899,A
6900,A
6901,V
6902,G
6903,A
6904,S
6905,E
6906,t
6907,R
6908,R
6909,A
6910,L
6911,I
6912,R
6913,D
6914,I
6915,O
6916,I
6917,e
6918,S
6919,T
6920,H
6921,V
6922,e
6923,a
6924,E
6925,R
6926,P
6927,N
6928,E
6929,E
6930,R
6931,O
6932,O
6933,A
6934,E
6935,L
6936,n
6937,A
6938,L
6939,A
6940,D
6941,A
6942,R
6943,r
6944,O
6945,C
6946,N
6947,I
6948,T
6949,1
6950,L
6951,V
6952,o
6953,D
6954,n
6955,I
6956,O
6957,K
6958,N
6959,0
6960,O
6961,E
6962,0
6963,E
6964,O
6965,A
6966,D
6967,N
6968,v
6969,V
6970,I
6971,I
6972,S
6973,L
6974,T
6975,t
6976,e
6977,R
6978,A
6979,O
6980,l
6981,O
6982,N
6983,A
6984,A
6985,D
6986,N
6987,E
6988,A
6989,E
6990,R
6991,1
6992,O
6993,T
6994,S
6995,N
6996,f
6997,a
6998,A
6999,H
7000,A
7001,A
7002,I
7003,W
7004,t
7005,R
7006,P
7007,A
7008,E
7009,T
7010,A
7011,E
7012,O
7013,A
7014,O
7015,O
7016,N
7017,E
7018,L
7019,i
7020,A
7021,M
7022,N
7023,n
7024,P
7025,R
7026,A
7027,a
7028,e
7029,S
7030,C
7031,A
7032,T
7033,e
7034,a
7035,A
7036,A
7037,E
7038,C
7039,L
7040,A
7041,A
7042,0
7043,T
7044,E
7045,E
7046,O
7047,e
7048,a
7049,I
7050,I
7051,O
7052,i
7053,E
7054,A
7055,A
7056,2
7057,R
7058,T
7059,E
7060,O
7061,E
7062,T
7063,n
7064,N
7065,o
7066,I
7067,d
7068,I
7069,R
7070,R
7071,a
7072,7
7073,S
7074,e
7075,r
7076,R
7077,O
7078,P
7079,C
7080,E
7081,A
7082,A
7083,O
7084,P
7085,S
7086,A
7087,h
7088,I
7089,D
7090,E
7091,R
7092,L
7093,R
7094,r
7095,E
7096,A
7097,O
7098,E
7099,E
7100,1
7101,N
7102,D
7103,L
7104,A
7105,O
7106,E
7107,L
7108,O
7109,A
7110,I
7111,A
7112,T
7113,E
7114,E
7115,E
7116,R
7117,E
7118,A
7119,S
7120,L
7121,R
7122,N
7123,a
7124,A
7125,S
7126,R
7127,e
7128,A
7129,L
7130,A
7131,n
7132,n
7133,E
7134,N
7135,C
7136,D
7137,H
7138,I
7139,E
7140,i
7141,T
7142,A
7143,A
7144,A
7145,t
7146,i
7147,e
7148,N
7149,O
7150,A
7151,I
7152,E
7153,A
7154,O
7155,A
7156,O
7157,N
7158,E
7159,A
7160,E
7161,P
7162,a
7163,N
7164,9
7165,A
7166,L
7167,K
7168,E
7169,R
7170,A
7171,O
7172,R
7173,E
7174,A
7175,R
7176,N
7177,R
7178,A
7179,P
7180,h
7181,A
7182,H
7183,M
7184,I
7185,7
7186,A
7187,L
7188,T
7189,6
7190,A
7191,i
7192,A
7193,i
7194,S
7195,A
7196,O
7197,P
7198,K
7199,O
7200,N
7201,1
7202,O
7203,O
7204,n
7205,e
7206,o
7207,A
7208,N
7209,R
7210,I
7211,R
7212,O
7213,E
7214,A
7215,e
7216,A
7217,I
7218,I
7219,I
7220,E
7221,A
7222,A
7223,R
7224,W
7225,L
7226,I
7227,N
7228,A
7229,O
7230,r
7231,A
7232,4
7233,R
7234,D
7235,O
7236,O
7237,N
7238,D
7239,L
7240,R
7241,L
7242,f
7243,C
7244,N
7245,N
7246,A
7247,O
7248,a
7249,O
7250,O
7251,O
7252,E
7253,S
7254,a
7255,A
7256,E
7257,B
7258,A
7259,E
7260,S
7261,I
7262,O
7263,E
7264,S
7265,A
7266,C
7267,S
7268,O
7269,a
7270,E
7271,A
7272,G
7273,R
7274,S
7275,A
7276,I
7277,Y
7278,N
7279,L
7280,m
7281,O
7282,I
7283,T
7284,l
7285,N
7286,A
7287,P
7288,I
7289,A
7290,A
7291,A
7292,s
7293,E
7294,E
7295,O
7296,A
7297,R
7298,E
7299,A
7300,A
7301,i
7302,s
7303,D
7304,I
7305,E
7306,E
7307,D
7308,O
7309,I
7310,A
7311,E
7312,r
7313,A
7314,A
7315,H
7316,I
7317,S
7318,A
7319,E
7320,C
7321,H
7322,T
7323,O
7324,A
7325,A
7326,O
7327,B
7328,s
7329,T
7330,N
7331,R
7332,T
7333,A
7334,A
7335,E
7336,O
7337,O
7338,H
7339,C
7340,I
7341,E
7342,E
7343,E
7344,L
7345,A
7346,A
7347,O
7348,N
7349,A
7350,A
7351,e
7352,N
7353,D
7354,A
7355,B
7356,A
7357,R
7358,r
7359,e
7360,e
7361,L
7362,A
7363,A
7364,E
7365,C
7366,T
7367,E
7368,S
7369,E
7370,A
7371,I
7372,O
7373,T
7374,N
7375,E
7376,A
7377,I
7378,I
7379,4
7380,F
7381,E
7382,S
7383,S
7384,O
7385,I
7386,0
7387,a
7388,O
7389,I
7390,R
7391,o
7392,T
7393,n
7394,A
7395,N
7396,H
7397,L
7398,D
7399,O
7400,I
7401,E
7402,R
7403,N
7404,I
7405,I
7406,S
7407,E
7408,E
7409,O
7410,R
7411,N
7412,S
7413,r
7414,3
7415,A
7416,I
7417,T
7418,A
7419,I
7420,E
7421,I
7422,C
7423,O
7424,7
7425,N
7426,O
7427,L
7428,A
7429,M
7430,A
7431,I
7432,I
7433,A
7434,e
7435,T
7436,R
7437,A
7438,E
7439,S
7440,r
7441,I
7442,A
7443,O
7444,L
7445,S
7446,P
7447,E
7448,C
7449,O
7450,E
7451,L
7452,D
7453,A
7454,s
7455,R
7456,S
7457,C
7458,D
7459,A
7460,S
7461,N
7462,E
7463,L
7464,I
7465,S
7466,R
7467,O
7468,R
7469,A
7470,O
7471,e
7472,N
7473,I
7474,P
7475,A
7476,P
7477,R
7478,S
7479,A
7480,R
7481,C
7482,A
7483,H
7484,L
7485,A
7486,I
7487,L
7488,E
7489,E
7490,P
7491,R
7492,A
7493,x
7494,i
7495,I
7496,E
7497,C
7498,E
7499,I
7500,e
7501,O
7502,P
7503,H
7504,O
7505,T
7506,O
7507,2
7508,O
7509,A
7510,I
7511,G
7512,R
7513,S
7514,A
7515,S
7516,C
7517,L
7518,E
7519,H
7520,E
7521,E
7522,E
7523,A
7524,l
7525,A
7526,D
7527,P
7528,E
7529,T
7530,N
7531,S
7532,O
7533,A
7534,E
7535,A
7536,S
7537,a
7538,A
7539,R
7540,l
7541,O
7542,e
7543,A
7544,A
7545,O
7546,S
7547,I
7548,E
7549,e
7550,A
7551,A
7552,L
7553,R
7554,R
7555,I
7556,O
7557,N
7558,E
7559,S
7560,M
7561,C
7562,E
7563,I
7564,T
7565,A
7566,R
7567,9
7568,R
7569,A
7570,N
7571,s
7572,r
7573,E
7574,A
7575,R
7576,R
7577,D
7578,O
7579,a
7580,A
7581,H
7582,0
7583,M
7584,R
7585,O
7586,F
7587,A
7588,T
7589,A
7590,S
7591,P
7592,e
7593,T
7594,M
7595,C
7596,O
7597,A
7598,I
7599,E
7600,V
7601,i
7602,A
7603,N
7604,A
7605,N
7606,I
7607,a
7608,S
7609,A
7610,E
7611,V
7612,E
7613,0
7614,I
7615,n
7616,A
7617,E
7618,I
7619,G
7620,T
7621,M
7622,I
7623,E
7624,A
7625,9
7626,M
7627,D
7628,O
7629,e
7630,n
7631,O
7632,T
7633,A
7634,A
7635,E
7636,X
7637,P
7638,0
7639,d
7640,E
7641,E
7642,I
7643,T
7644,C
7645,E
7646,t
7647,P
7648,A
7649,O
7650,E
7651,R
7652,I
7653,A
7654,O
7655,S
7656,N
7657,E
7658,A
7659,r
7660,D
7661,A
7662,A
7663,A
7664,v
7665,L
7666,O
7667,E
7668,9
7669,P
7670,N
7671,S
7672,O
7673,I
7674,L
7675,e
7676,E
7677,R
7678,D
7679,A
7680,I
7681,A
7682,B
7683,s
7684,e
7685,H
7686,E
7687,I
7688,E
7689,A
7690,D
7691,E
7692,M
7693,C
7694,I
7695,E
7696,H
7697,C
7698,P
7699,A
7700,a
7701,s
7702,N
7703,P
7704,F
7705,R
7706,I
7707,N
7708,T
7709,A
7710,O
7711,D
7712,r
7713,e
7714,A
7715,G
7716,E
7717,A
7718,O
7719,T
7720,T
7721,S
7722,S
7723,P
7724,C
7725,S
7726,I
7727,A
7728,N
7729,S
7730,O
7731,i
7732,N
7733,E
7734,D
7735,N
7736,n
7737,S
7738,R
7739,T
7740,e
7741,o
7742,A
7743,A
7744,E
7745,D
7746,R
7747,C
7748,E
7749,N
7750,T
7751,E
7752,C
7753,T
7754,E
7755,N
7756,R
7757,T
7758,p
7759,A
7760,O
7761,i
7762,S
7763,A
7764,E
7765,i
7766,I
7767,L
7768,E
7769,A
7770,N
7771,l
7772,N
7773,s
7774,R
7775,S
7776,A
7777,D
7778,E
7779,O
7780,E
7781,A
7782,r
7783,0
7784,I
7785,a
7786,C
7787,V
7788,A
7789,0
7790,P
7791,A
7792,S
7793,t
7794,N
7795,A
7796,E
7797,N
7798,R
7799,O
7800,C
7801,t
7802,I
7803,R
7804,A
7805,I
7806,I
7807,E
7808,o
7809,U
7810,K
7811,O
7812,S
7813,O
7814,T
7815,A
7816,I
7817,E
7818,n
7819,I
7820,T
7821,P
7822,E
7823,r
7824,T
7825,N
7826,A
7827,r
7828,S
7829,P
7830,A
7831,R
7832,e
7833,S
7834,D
7835,R
7836,A
7837,R
7838,S
7839,S
7840,Y
7841,e
7842,B
7843,E
7844,N
7845,E
7846,I
7847,r
7848,S
7849,N
7850,r
7851,R
7852,A
7853,M
7854,E
7855,I
7856,T
7857,O
7858,O
7859,S
7860,L
7861,A
7862,t
7863,L
7864,R
7865,m
7866,N
7867,A
7868,A
7869,N
7870,O
7871,E
7872,G
7873,L
7874,A
7875,R
7876,E
7877,R
7878,R
7879,N
7880,D
7881,I
7882,I
7883,C
7884,a
7885,G
7886,n
7887,E
7888,S
7889,B
7890,E
7891,A
7892,r
7893,O
7894,s
7895,N
7896,t
7897,I
7898,A
7899,E
7900,e
7901,e
7902,E
7903,S
7904,N
7905,T
7906,O
7907,V
7908,e
7909,I
7910,A
7911,K
7912,2
7913,O
7914,C
7915,C
7916,R
7917,A
7918,A
7919,i
7920,v
7921,O
7922,S
7923,H
7924,e
7925,E
7926,P
7927,T
7928,L
7929,r
7930,O
7931,o
7932,s
7933,H
7934,F
7935,A
7936,a
7937,L
7938,S
7939,I
7940,T
7941,r
7942,H
7943,A
7944,I
7945,e
7946,R
7947,E
7948,R
7949,P
7950,E
7951,E
7952,A
7953,A
7954,I
7955,a
7956,I
7957,I
7958,I
7959,E
7960,I
7961,E
7962,N
7963,O
7964,O
7965,O
7966,I
7967,S
7968,S
7969,R
7970,S
7971,R
7972,A
7973,O
7974,i
7975,P
7976,A
7977,R
7978,E
7979,T
7980,E
7981,T
7982,T
7983,T
7984,H
7985,L
7986,A
7987,N
7988,e
7989,O
7990,I
7991,A
7992,A
7993,A
7994,C
7995,o
7996,O
7997,R
7998,d
7999,D
8000,N
8001,O
8002,S
8003,E
8004,e
8005,a
8006,T
8007,I
8008,T
8009,A
8010,T
8011,A
8012,G
8013,R
8014,T
8015,E
8016,L
8017,c
8018,r
8019,A
8020,T
8021,A
8022,T
8023,O
8024,H
8025,A
8026,O
8027,A
8028,O
8029,A
8030,a
8031,N
8032,C
8033,C
8034,i
8035,S
8036,I
8037,E
8038,T
8039,R
8040,T
8041,O
8042,A
8043,S
8044,D
8045,N
8046,M
8047,C
8048,s
8049,A
8050,e
8051,A
8052,3
8053,R
8054,H
8055,I
8056,N
8057,I
8058,I
8059,E
8060,A
8061,E
8062,R
8063,S
8064,R
8065,E
8066,C
8067,a
8068,l
8069,N
8070,N
8071,A
8072,N
8073,R
8074,S
8075,A
8076,n
8077,c
8078,R
8079,M
8080,e
8081,F
8082,S
8083,e
8084,N
8085,d
8086,E
8087,A
8088,r
8089,C
8090,N
8091,E
8092,T
8093,E
8094,E
8095,O
8096,r
8097,T
8098,E
8099,A
8100,S
8101,N
8102,I
8103,D
8104,I
8105,A
8106,E
8107,0
8108,A
8109,T
8110,A
8111,E
8112,i
8113,T
8114,A
8115,O
8116,L
8117,A
8118,N
8119,L
8120,A
8121,O
8122,S
8123,n
8124,I
8125,O
8126,0
8127,E
8128,I
8129,E
8130,L
8131,A
8132,M
8133,N
8134,A
8135,R
8136,C
8137,R
8138,E
8139,E
8140,O
8141,t
8142,D
8143,A
8144,T
8145,R
8146,N
8147,E
8148,O
8149,E
8150,C
8151,H
8152,P
8153,E
8154,e
8155,O
8156,e
8157,R
8158,I
8159,O
8160,T
8161,R
8162,S
8163,H
8164,S
8165,R
8166,R
8167,D
8168,D
8169,O
8170,A
8171,E
8172,I
8173,E
8174,S
8175,A
8176,I
8177,n
8178,L
8179,a
8180,I
8181,I
8182,O
8183,O
8184,P
8185,A
8186,A
8187,L
8188,A
8189,H
8190,e
8191,s
8192,I
8193,S
8194,H
8195,C
8196,E
8197,A
8198,S
8199,D
8200,A
8201,N
8202,I
8203,a
8204,r
8205,A
8206,N
8207,C
8208,e
8209,C
8210,e
8211,S
8212,A
8213,A
8214,T
8215,E
8216,N
8217,C
8218,E
8219,A
8220,E
8221,I
8222,A
8223,M
8224,I
8225,N
8226,N
8227,A
8228,E
8229,N
8230,s
8231,O
8232,T
8233,N
8234,E
8235,A
8236,I
8237,M
8238,A
8239,a
8240,A
8241,O
8242,A
8243,I
8244,S
8245,S
8246,I
8247,A
8248,O
8249,T
8250,A
8251,C
8252,V
8253,o
8254,O
8255,A
8256,i
8257,E
8258,E
8259,M
8260,O
8261,H
8262,O
8263,J
8264,A
8265,E
8266,S
8267,A
8268,A
8269,i
8270,A
8271,E
8272,E
8273,1
8274,D
8275,E
8276,R
8277,A
8278,A
8279,A
8280,L
8281,O
8282,R
8283,A
8284,A
8285,L
8286,S
8287,I
8288,i
8289,O
8290,E
8291,I
8292,P
8293,i
8294,O
8295,T
8296,A
8297,N
8298,A
8299,e
8300,R
8301,G
8302,I
8303,A
8304,N
8305,U
8306,N
8307,I
8308,I
8309,N
8310,C
8311,N
8312,C
8313,E
8314,7
8315,A
8316,0
8317,E
8318,E
8319,D
8320,C
8321,M
8322,A
8323,P
8324,E
8325,R
8326,T
8327,N
8328,E
8329,T
8330,H
8331,A
8332,I
8333,K
8334,N
8335,O
8336,O
8337,A
8338,O
8339,C
8340,e
8341,A
8342,a
8343,A
8344,C
8345,N
8346,S
8347,e
8348,O
8349,R
8350,I
8351,R
8352,A
8353,T
8354,R
8355,T
8356,I
8357,O
8358,O
8359,I
8360,r
8361,I
8362,P
8363,e
8364,O
8365,O
8366,R
8367,o
8368,R
8369,S
8370,E
8371,A
8372,l
8373,A
8374,N
8375,P
8376,L
8377,R
8378,A
8379,N
8380,N
8381,n
8382,P
8383,K
8384,S
8385,a
8386,3
8387,A
8388,2
8389,6
8390,R
8391,C
8392,D
8393,e
8394,N
8395,S
8396,P
8397,S
8398,B
8399,I
8400,A
8401,A
8402,A
8403,I
8404,E
8405,S
8406,N
8407,S
8408,I
8409,E
8410,N
8411,R
8412,R
8413,A
8414,T
8415,D
8416,O
8417,S
8418,l
8419,E
8420,S
8421,H
8422,M
8423,N
8424,N
8425,O
8426,e
8427,A
8428,E
8429,S
8430,O
8431,T
8432,A
8433,H
8434,E
8435,O
8436,A
8437,A
8438,O
8439,A
8440,O
8441,A
8442,H
8443,R
8444,S
8445,t
8446,S
8447,H
8448,I
8449,I
8450,T
8451,I
8452,U
8453,I
8454,I
8455,1
8456,O
8457,H
8458,A
8459,E
8460,E
8461,E
8462,O
8463,E
8464,L
8465,i
8466,R
8467,H
8468,L
8469,E
8470,C
8471,r
8472,C
8473,B
8474,R
8475,L
8476,N
8477,E
8478,T
8479,P
8480,C
8481,O
8482,P
8483,R
8484,C
8485,A
8486,e
8487,T
8488,B
8489,e
8490,A
8491,E
8492,O
8493,R
8494,r
8495,L
8496,S
8497,n
8498,E
8499,F
8500,e
8501,R
8502,A
8503,l
8504,A
8505,E
8506,T
8507,A
8508,M
8509,I
8510,N
8511,A
8512,N
8513,A
8514,E
8515,O
8516,A
8517,I
8518,D
8519,O
8520,S
8521,E
8522,T
8523,R
8524,t
8525,R
8526,S
8527,M
8528,D
8529,I
8530,N
8531,P
8532,e
8533,E
8534,E
8535,O
8536,R
8537,E
8538,A
8539,Z
8540,E
8541,S
8542,O
8543,I
8544,M
8545,P
8546,Y
8547,L
8548,n
8549,C
8550,E
8551,A
8552,O
8553,O
8554,R
8555,E
8556,S
8557,h
8558,R
8559,C
8560,1
8561,E
8562,O
8563,O
8564,A
8565,A
8566,T
8567,I
8568,D
8569,I
8570,I
8571,E
8572,I
8573,S
8574,O
8575,3
8576,0
8577,S
8578,N
8579,A
8580,A
8581,I
8582,e
8583,O
8584,H
8585,T
8586,A
8587,6
8588,I
8589,R
8590,5
8591,S
8592,R
8593,I
8594,E
8595,r
8596,M
8597,A
8598,L
8599,I
8600,N
8601,L
8602,A
8603,J
8604,T
8605,E
8606,A
8607,O
8608,E
8609,0
8610,A
8611,C
8612,A
8613,A
8614,A
8615,T
8616,O
8617,R
8618,H
8619,U
8620,o
8621,R
8622,e
8623,A
8624,N
8625,E
8626,h
8627,E
8628,F
8629,A
8630,A
8631,A
8632,O
8633,S
8634,N
8635,A
8636,I
8637,C
8638,T
8639,L
8640,V
8641,S
8642,A
8643,A
8644,M
8645,R
8646,0
8647,e
8648,O
8649,T
8650,I
8651,a
8652,A
8653,e
8654,S
8655,S
8656,N
8657,I
8658,S
8659,W
8660,t
8661,O
8662,r
8663,I
8664,E
8665,A
8666,N
8667,E
8668,D
8669,R
8670,s
8671,N
8672,R
8673,T
8674,O
8675,I
8676,A
8677,N
8678,T
8679,9
8680,r
8681,I
8682,A
8683,E
8684,O
8685,E
8686,R
8687,A
8688,A
8689,S
8690,A
8691,S
8692,E
8693,D
8694,I
8695,N
8696,H
8697,O
8698,A
8699,9
8700,O
8701,E
8702,R
8703,L
8704,T
8705,a
8706,s
8707,T
8708,N
8709,I
8710,N
8711,1
8712,E
8713,e
8714,R
8715,I
8716,E
8717,E
8718,N
8719,R
8720,u
8721,R
8722,A
8723,N
8724,t
8725,T
8726,R
8727,A
8728,M
8729,S
8730,R
8731,O
8732,A
8733,0
8734,R
8735,P
8736,H
8737,A
8738,A
8739,L
8740,N
8741,I
8742,E
8743,r
8744,V
8745,T
8746,R
8747,R
8748,O
8749,D
8750,E
8751,E
8752,P
8753,I
8754,a
8755,m
8756,T
8757,I
8758,R
8759,P
8760,R
8761,O
8762,A
8763,N
8764,O
8765,O
8766,O
8767,s
8768,S
8769,E
8770,E
8771,N
8772,H
8773,S
8774,e
8775,e
8776,A
8777,A
8778,R
8779,O
8780,A
8781,C
8782,a
8783,T
8784,C
8785,O
8786,L
8787,O
8788,A
8789,P
8790,T
8791,C
8792,O
8793,N
8794,R
8795,M
8796,O
8797,T
8798,N
8799,E
8800,0
8801,e
8802,D
8803,I
8804,O
8805,E
8806,S
8807,I
8808,k
8809,G
8810,E
8811,R
8812,A
8813,O
8814,O
8815,3
8816,e
8817,D
8818,A
8819,e
8820,L
8821,w
8822,A
8823,E
8824,T
8825,C
8826,O
8827,A
8828,A
8829,E
8830,R
8831,I
8832,O
8833,T
8834,3
8835,N
8836,A
8837,P
8838,A
8839,O
8840,e
8841,N
8842,S
8843,O
8844,N
8845,F
8846,A
8847,E
8848,1
8849,A
8850,S
8851,D
8852,O
8853,R
8854,O
8855,T
8856,A
8857,A
8858,A
8859,R
8860,C
8861,D
8862,0
8863,P
8864,N
8865,e
8866,N
8867,C
8868,L
8869,A
8870,U
8871,H
8872,A
8873,A
8874,O
8875,E
8876,P
8877,I
8878,O
8879,i
8880,T
8881,H
8882,G
8883,B
8884,A
8885,O
8886,1
8887,3
8888,P
8889,N
8890,I
8891,R
8892,O
8893,A
8894,n
8895,T
8896,A
8897,T
8898,A
8899,A
8900,e
8901,e
8902,C
8903,R
8904,O
8905,0
8906,A
8907,m
8908,a
8909,I
8910,A
8911,O
8912,E
8913,E
8914,I
8915,R
8916,E
8917,e
8918,E
8919,Y
8920,O
8921,C
8922,N
8923,A
8924,i
8925,S
8926,D
8927,V
8928,L
8929,2
8930,R
8931,M
8932,E
8933,L
8934,r
8935,R
8936,E
8937,E
8938,O
8939,N
8940,D
8941,3
8942,S
8943,R
8944,N
8945,x
8946,N
8947,t
8948,I
8949,H
8950,r
8951,T
8952,C
8953,r
8954,c
8955,I
8956,E
8957,R
8958,I
8959,C
8960,P
8961,I
8962,M
8963,O
8964,T
8965,A
8966,T
8967,S
8968,r
8969,N
8970,e
8971,D
8972,O
8973,A
8974,I
8975,A
8976,C
8977,o
8978,E
8979,n
8980,O
8981,3
8982,A
8983,U
8984,S
8985,S
8986,S
8987,E
8988,N
8989,L
8990,R
8991,A
8992,2
8993,i
8994,R
8995,N
8996,n
8997,M
8998,A
8999,A
9000,E
9001,N
9002,A
9003,D
9004,V
9005,A
9006,R
9007,P
9008,A
9009,U
9010,A
9011,O
9012,F
9013,n
9014,o
9015,t
9016,R
9017,C
9018,a
9019,P
9020,T
9021,T
9022,E
9023,A
9024,H
9025,A
9026,S
9027,R
9028,R
9029,r
9030,D
9031,A
9032,A
9033,T
9034,E
9035,R
9036,0
9037,R
9038,H
9039,N
9040,N
9041,A
9042,E
9043,L
9044,I
9045,O
9046,I
9047,N
9048,A
9049,I
9050,r
9051,N
9052,V
9053,i
9054,A
9055,A
9056,A
9057,O
9058,A
9059,S
9060,S
9061,T
9062,a
9063,E
9064,A
9065,C
9066,A
9067,T
9068,C
9069,O
9070,E
9071,T
9072,N
9073,O
9074,a
9075,A
9076,a
9077,U
9078,C
9079,A
9080,R
9081,J
9082,O
9083,r
9084,a
9085,R
9086,N
9087,O
9088,T
9089,N
9090,A
9091,M
9092,T
9093,A
9094,E
9095,E
9096,O
9097,A
9098,A
9099,E
9100,O
9101,E
9102,A
9103,D
9104,S
9105,A
9106,R
9107,A
9108,P
9109,I
9110,I
9111,l
9112,e
9113,h
9114,C
9115,e
9116,N
9117,E
9118,M
9119,A
9120,O
9121,T
9122,N
9123,E
9124,R
9125,0
9126,2
9127,R
9128,a
9129,7
9130,B
9131,a
9132,I
9133,A
9134,E
9135,r
9136,T
9137,R
9138,E
9139,E
9140,E
9141,a
9142,E
9143,S
9144,a
9145,O
9146,O
9147,T
9148,S
9149,I
9150,T
9151,a
9152,0
9153,A
9154,O
9155,A
9156,T
9157,O
9158,I
9159,C
9160,7
9161,R
9162,S
9163,M
9164,A
9165,R
9166,E
9167,e
9168,7
9169,o
9170,A
9171,O
9172,T
9173,M
9174,A
9175,e
9176,A
9177,l
9178,I
9179,D
9180,n
9181,I
9182,R
9183,o
9184,H
9185,a
9186,N
9187,L
9188,N
9189,O
9190,I
9191,I
9192,N
9193,I
9194,U
9195,A
9196,E
9197,A
9198,R
9199,R
9200,O
9201,R
9202,M
9203,N
9204,P
9205,S
9206,T
9207,O
9208,I
9209,L
9210,A
9211,N
9212,V
9213,A
9214,P
9215,S
9216,e
9217,D
9218,2
9219,I
9220,A
9221,T
9222,E
9223,H
9224,E
9225,M
9226,r
9227,L
9228,P
9229,e
9230,S
9231,r
9232,t
9233,N
9234,E
9235,R
9236,A
9237,A
9238,L
9239,R
9240,A
9241,R
9242,A
9243,A
9244,A
9245,S
9246,A
9247,E
9248,R
9249,A
9250,a
9251,R
9252,I
9253,T
9254,N
9255,o
9256,E
9257,M
9258,A
9259,R
9260,L
9261,M
9262,T
9263,G
9264,T
9265,A
9266,0
9267,i
9268,O
9269,3
9270,A
9271,A
9272,e
9273,T
9274,N
9275,U
9276,a
9277,L
9278,E
9279,L
9280,C
9281,I
9282,E
9283,e
9284,a
9285,e
9286,n
9287,A
9288,A
9289,A
9290,O
9291,S
9292,P
9293,A
9294,T
9295,E
9296,h
9297,C
9298,E
9299,I
9300,T
9301,A
9302,4
9303,D
9304,A
9305,H
9306,A
9307,D
9308,S
9309,D
9310,I
9311,I
9312,E
9313,E
9314,A
9315,I
9316,A
9317,E
9318,A
9319,E
9320,A
9321,R
9322,N
9323,E
9324,S
9325,A
9326,H
9327,s
9328,D
9329,U
9330,A
9331,E
9332,L
9333,N
9334,N
9335,A
9336,I
9337,E
9338,I
9339,a
9340,A
9341,O
9342,R
9343,R
9344,S
9345,A
9346,A
9347,O
9348,N
9349,E
9350,T
9351,I
9352,O
9353,E
9354,A
9355,C
9356,A
9357,V
9358,o
9359,A
9360,R
9361,A
9362,O
9363,I
9364,O
9365,R
9366,a
9367,A
9368,T
9369,e
9370,A
9371,H
9372,O
9373,L
9374,O
9375,I
9376,C
9377,E
9378,S
9379,N
9380,s
9381,E
9382,S
9383,e
9384,1
9385,C
9386,2
9387,B
9388,P
9389,A
9390,T
9391,E
9392,E
9393,E
9394,A
9395,L
9396,R
9397,T
9398,E
9399,E
9400,N
9401,P
9402,e
9403,S
9404,O
9405,C
9406,O
9407,O
9408,S
9409,E
9410,E
9411,A
9412,E
9413,I
9414,S
9415,s
9416,A
9417,R
9418,O
9419,I
9420,I
9421,E
9422,R
9423,5
9424,0
9425,N
9426,G
9427,i
9428,t
9429,E
9430,T
9431,A
9432,R
9433,O
9434,A
9435,E
9436,O
9437,e
9438,n
9439,E
9440,E
9441,s
9442,N
9443,R
9444,L
9445,I
9446,2
9447,E
9448,R
9449,0
9450,i
9451,c
9452,0
9453,A
9454,S
9455,N
9456,O
9457,a
9458,O
9459,A
9460,A
9461,I
9462,N
9463,I
9464,E
9465,E
9466,A
9467,E
9468,A
9469,A
9470,I
9471,i
9472,A
9473,G
9474,I
9475,H
9476,O
9477,M
9478,A
9479,H
9480,P
9481,A
9482,I
9483,N
9484,I
9485,A
9486,H
9487,N
9488,S
9489,A
9490,R
9491,M
9492,E
9493,N
9494,T
9495,S
9496,S
9497,E
9498,U
9499,R
9500,o
9501,N
9502,i
9503,C
9504,C
9505,A
9506,7
9507,R
9508,A
9509,I
9510,N
9511,A
9512,A
9513,P
9514,A
9515,3
9516,N
9517,G
9518,R
9519,E
9520,I
9521,D
9522,E
9523,I
9524,A
9525,N
9526,J
9527,e
9528,R
9529,I
9530,E
9531,L
9532,A
9533,I
9534,A
9535,P
9536,E
9537,I
9538,T
9539,E
9540,T
9541,I
9542,T
9543,O
9544,A
9545,C
9546,E
9547,o
9548,E
9549,A
9550,C
9551,R
9552,D
9553,T
9554,R
9555,S
9556,E
9557,O
9558,S
9559,e
9560,3
9561,A
9562,A
9563,R
9564,E
9565,A
9566,A
9567,T
9568,B
9569,A
9570,y
9571,e
9572,C
9573,A
9574,N
9575,I
9576,T
9577,I
9578,E
9579,N
9580,I
9581,B
9582,a
9583,A
9584,R
9585,A
9586,L
9587,H
9588,O
9589,O
9590,E
9591,S
9592,N
9593,A
9594,O
9595,C
9596,R
9597,O
9598,I
9599,N
9600,A
9601,R
9602,E
9603,e
9604,E
9605,2
9606,1
9607,A
9608,C
9609,T
9610,R
9611,T
9612,R
9613,A
9614,L
9615,A
9616,R
9617,D
9618,R
9619,S
9620,O
9621,A
9622,O
9623,O
9624,A
9625,l
9626,i
9627,I
9628,C
9629,A
9630,N
9631,A
9632,A
9633,e
9634,C
9635,A
9636,R
9637,A
9638,A
9639,C
9640,e
9641,I
9642,I
9643,D
9644,O
9645,O
9646,D
9647,E
9648,e
9649,n
9650,I
9651,T
9652,e
9653,1
9654,P
9655,E
9656,A
9657,L
9658,A
9659,R
9660,C
9661,T
9662,A
9663,E
9664,A
9665,T
9666,i
9667,O
9668,I
9669,E
9670,M
9671,A
9672,H
9673,A
9674,I
9675,t
9676,E
9677,A
9678,A
9679,e
9680,I
9681,S
9682,R
9683,P
9684,T
9685,R
9686,E
9687,S
9688,A
9689,O
9690,R
9691,A
9692,e
9693,G
9694,T
9695,O
9696,A
9697,A
9698,N
9699,R
9700,I
9701,L
9702,A
9703,r
9704,E
9705,I
9706,I
9707,T
9708,e
9709,O
9710,C
9711,I
9712,O
9713,I
9714,E
9715,A
9716,e
9717,R
9718,E
9719,A
9720,T
9721,I
9722,U
9723,N
9724,R
9725,T
9726,T
9727,O
9728,R
9729,e
9730,C
9731,a
9732,0
9733,E
9734,a
9735,M
9736,A
9737,S
9738,E
9739,T
9740,h
9741,R
9742,R
9743,R
9744,A
9745,N
9746,N
9747,r
9748,N
9749,T
9750,A
9751,a
9752,O
9753,A
9754,N
9755,A
9756,E
9757,I
9758,A
9759,A
9760,S
9761,Y
9762,R
9763,R
9764,H
9765,T
9766,R
9767,i
9768,R
9769,I
9770,I
9771,e
9772,a
9773,t
9774,e
9775,O
9776,E
9777,C
9778,7
9779,I
9780,T
9781,H
9782,A
9783,O
9784,A
9785,L
9786,A
9787,a
9788,a
9789,I
9790,r
9791,N
9792,D
9793,A
9794,E
9795,N
9796,I
9797,r
9798,P
9799,I
9800,C
9801,O
9802,R
9803,A
9804,E
9805,H
9806,A
9807,L
9808,C
9809,A
9810,H
9811,T
9812,R
9813,A
9814,T
9815,S
9816,r
9817,A
9818,a
9819,a
9820,M
9821,d
9822,N
9823,N
9824,0
9825,A
9826,R
9827,E
9828,s
9829,R
9830,0
9831,V
9832,T
9833,A
9834,O
9835,l
9836,D
9837,I
9838,A
9839,0
9840,A
9841,i
9842,R
9843,I
9844,2
9845,S
9846,A
9847,O
9848,R
9849,A
9850,2
9851,O
9852,n
9853,R
9854,I
9855,H
9856,O
9857,e
9858,A
9859,i
9860,I
9861,S
9862,E
9863,A
9864,d
9865,e
9866,R
9867,C
9868,s
9869,a
9870,I
9871,E
9872,S
9873,T
9874,a
9875,t
9876,Y
9877,G
9878,r
9879,C
9880,E
9881,R
9882,A
9883,A
9884,S
9885,e
9886,7
9887,U
9888,O
9889,E
9890,I
9891,A
9892,O
9893,O
9894,H
9895,e
9896,i
9897,I
9898,0
9899,O
9900,A
9901,A
9902,A
9903,N
9904,B
9905,A
9906,E
9907,I
9908,S
9909,A
9910,A
9911,A
9912,O
9913,A
9914,E
9915,R
9916,N
9917,A
9918,O
9919,r
9920,T
9921,S
9922,R
9923,O
9924,n
9925,E
9926,E
9927,A
9928,R
9929,R
9930,P
9931,I
9932,S
9933,O
9934,C
9935,A
9936,A
9937,R
9938,L
9939,O
9940,I
9941,F
9942,I
9943,E
9944,E
9945,N
9946,y
9947,L
9948,G
9949,I
9950,v
9951,c
9952,M
9953,I
9954,I
9955,S
9956,R
9957,a
9958,T
9959,e
9960,r
9961,r
9962,A
9963,s
9964,E
9965,A
9966,T
9967,I
9968,T
9969,R
9970,O
9971,M
9972,N
9973,P
9974,A
9975,L
9976,N
9977,i
9978,T
9979,K
9980,T
9981,L
9982,E
9983,P
9984,S
9985,E
9986,A
9987,I
9988,R
9989,A
9990,I
9991,S
9992,T
9993,A
9994,M
9995,A
9996,D
9997,S
9998,T
9999,n
10000,T
10001,R
10002,E
10003,T
10004,a
10005,I
10006,R
10007,S
10008,r
10009,A
10010,A
10011,I
10012,R
10013,R
10014,E
10015,E
10016,O
10017,2
10018,I
10019,R
10020,K
10021,R
10022,S
10023,e
10024,A
10025,0
10026,O
10027,O
10028,A
10029,P
10030,C
10031,r
10032,A
10033,n
10034,A
10035,N
10036,A
10037,C
10038,C
10039,R
10040,A
10041,D
10042,M
10043,A
10044,N
10045,O
10046,R
10047,H
10048,N
10049,0
10050,e
10051,c
10052,N
10053,E
10054,e
10055,E
10056,O
10057,T
10058,T
10059,C
10060,L
10061,P
10062,n
10063,N
10064,E
10065,E
10066,I
10067,E
10068,a
10069,O
10070,R
10071,O
10072,O
10073,A
10074,A
10075,L
10076,I
10077,e
10078,o
10079,A
10080,P
10081,L
10082,A
10083,C
10084,0
10085,C
10086,N
10087,E
10088,N
10089,S
10090,N
10091,S
10092,i
10093,O
10094,O
10095,T
10096,E
10097,O
10098,A
10099,A
10100,D
10101,e
10102,O
10103,S
10104,R
10105,U
10106,E
10107,O
10108,A
10109,T
10110,N
10111,a
10112,A
10113,A
10114,E
10115,a
10116,N
10117,A
10118,I
10119,6
10120,T
10121,M
10122,O
10123,S
10124,C
10125,N
10126,O
10127,S
10128,P
10129,D
10130,R
10131,L
10132,S
10133,E
10134,I
10135,A
10136,T
10137,M
10138,D
10139,A
10140,A
10141,L
10142,G
10143,E
10144,l
10145,I
10146,E
10147,A
10148,R
10149,r
10150,S
10151,H
10152,A
10153,S
10154,t
10155,L
10156,A
10157,N
10158,I
10159,I
10160,A
10161,E
10162,H
10163,D
10164,D
10165,N
10166,O
10167,D
10168,H
10169,E
10170,N
10171,A
10172,S
10173,R
10174,A
10175,E
10176,n
10177,A
10178,P
10179,7
10180,r
10181,O
10182,H
10183,e
10184,S
10185,L
10186,e
10187,O
10188,N
10189,I
10190,a
10191,A
10192,L
10193,e
10194,T
10195,R
10196,N
10197,T
10198,S
10199,r
10200,C
10201,S
10202,N
10203,N
10204,E
10205,t
10206,A
10207,A
10208,E
10209,T
10210,A
10211,L
10212,E
10213,C
10214,E
10215,C
10216,H
10217,C
10218,B
10219,A
10220,R
10221,O
10222,E
10223,S
10224,A
10225,O
10226,P
10227,V
10228,R
10229,U
10230,E
10231,r
10232,N
10233,A
10234,O
10235,S
10236,K
10237,T
10238,S
10239,I
10240,I
10241,E
10242,H
10243,V
10244,r
10245,S
10246,P
10247,E
10248,B
10249,E
10250,R
10251,A
10252,C
10253,M
10254,O
10255,L
10256,O
10257,V
10258,P
10259,r
10260,A
10261,A
10262,S
10263,A
10264,E
10265,A
10266,O
10267,S
10268,O
10269,O
10270,R
10271,N
10272,A
10273,E
10274,D
10275,T
10276,O
10277,N
10278,r
10279,A
10280,E
10281,O
10282,I
10283,n
10284,A
10285,C
10286,A
10287,S
10288,R
10289,D
10290,O
10291,N
10292,O
10293,T
10294,S
10295,I
10296,I
10297,O
10298,E
10299,A
10300,N
10301,L
10302,a
10303,T
10304,D
10305,5
10306,C
10307,V
10308,T
10309,e
10310,E
10311,N
10312,I
10313,O
10314,S
10315,9
10316,I
10317,N
10318,E
10319,C
10320,r
10321,I
10322,T
10323,r
10324,B
10325,E
10326,R
10327,1
10328,N
10329,O
10330,C
10331,L
10332,R
10333,I
10334,9
10335,T
10336,E
10337,R
10338,6
10339,l
10340,8
10341,T
10342,O
10343,A
10344,A
10345,O
10346,o
10347,R
10348,O
10349,A
10350,n
10351,A
10352,A
10353,A
10354,I
10355,D
10356,A
10357,S
10358,H
10359,C
10360,A
10361,P
10362,I
10363,I
10364,s
10365,I
10366,T
10367,I
10368,A
10369,T
10370,I
10371,R
10372,T
10373,O
10374,H
10375,e
10376,A
10377,R
10378,I
10379,S
10380,T
10381,E
10382,S
10383,T
10384,P
10385,T
10386,E
10387,S
10388,I
10389,S
10390,S
10391,S
10392,A
10393,S
10394,A
10395,N
10396,E
10397,I
10398,o
10399,E
10400,F
10401,0
10402,A
10403,R
10404,e
10405,O
10406,N
10407,A
10408,T
10409,H
10410,O
10411,A
10412,S
10413,i
10414,E
10415,I
10416,N
10417,t
10418,e
10419,O
10420,E
10421,T
10422,R
10423,O
10424,A
10425,M
10426,N
10427,R
10428,A
10429,E
10430,M
10431,O
10432,A
10433,R
10434,a
10435,V
10436,T
10437,A
10438,O
10439,I
10440,M
10441,P
10442,T
10443,m
10444,L
10445,A
10446,T
10447,C
10448,D
10449,R
10450,e
10451,a
10452,R
10453,J
10454,A
10455,C
10456,E
10457,R
10458,R
10459,O
10460,S
10461,E
10462,1
10463,A
10464,o
10465,V
10466,I
10467,O
10468,T
10469,A
10470,0
10471,O
10472,o
10473,A
10474,o
10475,O
10476,H
10477,A
10478,H
10479,I
10480,A
10481,U
10482,A
10483,I
10484,o
10485,T
10486,E
10487,H
10488,e
10489,E
10490,0
10491,A
10492,S
10493,O
10494,N
10495,I
10496,e
10497,E
10498,0
10499,T
10500,L
10501,D
10502,A
10503,O
10504,B
10505,S
10506,A
10507,A
10508,A
10509,e
10510,A
10511,P
10512,O
10513,P
10514,C
10515,P
10516,D
10517,i
10518,N
10519,A
10520,N
10521,L
10522,S
10523,O
10524,R
10525,l
10526,H
10527,O
10528,1
10529,I
10530,S
10531,R
10532,E
10533,F
10534,3
10535,0
10536,I
10537,E
10538,a
10539,R
10540,e
10541,A
10542,S
10543,T
10544,A
10545,e
10546,O
10547,S
10548,O
10549,A
10550,N
10551,L
10552,D
10553,0
10554,N
10555,I
10556,A
10557,A
10558,T
10559,L
10560,R
10561,I
10562,O
10563,V
10564,b
10565,E
10566,R
10567,v
10568,R
10569,i
10570,L
10571,R
10572,A
10573,r
10574,I
10575,N
10576,t
10577,0
10578,F
10579,O
10580,T
10581,O
10582,S
10583,I
10584,R
10585,N
10586,A
10587,O
10588,T
10589,n
10590,R
10591,N
10592,E
10593,N
10594,O
10595,A
10596,R
10597,P
10598,a
10599,c
10600,S
10601,A
10602,A
10603,V
10604,R
10605,r
10606,t
10607,G
10608,L
10609,A
10610,s
10611,E
10612,n
10613,a
10614,I
10615,A
10616,I
10617,A
10618,O
10619,O
10620,T
10621,r
10622,L
10623,O
10624,S
10625,R
10626,S
10627,A
10628,A
10629,N
10630,A
10631,O
10632,A
10633,r
10634,O
10635,r
10636,E
10637,E
10638,T
10639,S
10640,R
10641,a
10642,R
10643,I
10644,S
10645,I
10646,e
10647,S
10648,T
10649,O
10650,L
10651,a
10652,A
10653,i
10654,O
10655,o
10656,A
10657,R
10658,H
10659,r
10660,R
10661,E
10662,R
10663,T
10664,S
10665,w
10666,C
10667,H
10668,C
10669,A
10670,I
10671,L
10672,I
10673,M
10674,a
10675,s
10676,A
10677,T
10678,I
10679,S
10680,R
10681,a
10682,R
10683,D
10684,1
10685,R
10686,S
10687,A
10688,A
10689,P
10690,U
10691,O
10692,I
10693,L
10694,A
10695,T
10696,m
10697,E
10698,e
10699,a
10700,A
10701,I
10702,A
10703,i
10704,N
10705,T
10706,I
10707,N
10708,N
10709,S
10710,E
10711,A
10712,E
10713,I
10714,I
10715,R
10716,m
10717,E
10718,K
10719,N
10720,U
10721,D
10722,O
10723,T
10724,i
10725,T
10726,N
10727,I
10728,A
10729,E
10730,V
10731,O
10732,E
10733,e
10734,N
10735,C
10736,E
10737,O
10738,O
10739,O
10740,B
10741,r
10742,T
10743,A
10744,O
10745,T
10746,D
10747,I
10748,E
10749,C
10750,G
10751,A
10752,E
10753,r
10754,l
10755,R
10756,R
10757,A
10758,N
10759,T
10760,I
10761,a
10762,A
10763,F
10764,O
10765,C
10766,G
10767,S
10768,R
10769,I
10770,S
10771,N
10772,T
10773,I
10774,D
10775,R
10776,T
10777,I
10778,N
10779,N
10780,E
10781,R
10782,I
10783,R
10784,n
10785,A
10786,R
10787,R
10788,B
10789,r
10790,N
10791,A
10792,m
10793,P
10794,A
10795,I
10796,M
10797,M
10798,M
10799,N
10800,A
10801,O
10802,I
10803,C
10804,I
10805,k
10806,O
10807,S
10808,C
10809,T
10810,M
10811,C
10812,6
10813,E
10814,L
10815,A
10816,E
10817,R
10818,O
10819,I
10820,r
10821,G
10822,R
10823,R
10824,O
10825,A
10826,N
10827,L
10828,E
10829,k
10830,T
10831,O
10832,T
10833,S
10834,N
10835,o
10836,r
10837,A
10838,a
10839,r
10840,n
10841,H
10842,V
10843,T
10844,a
10845,A
10846,A
10847,M
10848,A
10849,A
10850,C
10851,E
10852,R
10853,A
10854,E
10855,A
10856,m
10857,O
10858,D
10859,N
10860,r
10861,A
10862,R
10863,T
10864,O
10865,A
10866,E
10867,B
10868,7
10869,A
10870,I
10871,E
10872,O
10873,C
10874,e
10875,E
10876,A
10877,1
10878,h
10879,n
10880,P
10881,N
10882,A
10883,R
10884,E
10885,5
10886,P
10887,R
10888,P
10889,R
10890,R
10891,T
10892,l
10893,S
10894,N
10895,A
10896,E
10897,L
10898,A
10899,C
10900,T
10901,a
10902,h
10903,T
10904,n
10905,O
10906,E
10907,R
10908,E
10909,r
10910,S
10911,I
10912,I
10913,C
10914,N
10915,I
10916,r
10917,M
10918,S
10919,E
10920,E
10921,A
10922,E
10923,A
10924,I
10925,E
10926,N
10927,A
10928,O
10929,I
10930,0
10931,O
10932,9
10933,E
10934,L
10935,H
10936,A
10937,A
10938,f
10939,A
10940,S
10941,0
10942,N
10943,N
10944,E
10945,O
10946,C
10947,r
10948,I
10949,n
10950,C
10951,E
10952,A
10953,T
10954,A
10955,T
10956,6
10957,A
10958,6
10959,e
10960,O
10961,A
10962,A
10963,E
10964,B
10965,T
10966,N
10967,O
10968,A
10969,N
10970,A
10971,E
10972,S
10973,E
10974,E
10975,N
10976,n
10977,A
10978,O
10979,R
10980,T
10981,1
10982,I
10983,o
10984,I
10985,i
10986,A
10987,H
10988,M
10989,2
10990,O
10991,T
10992,E
10993,e
10994,E
10995,O
10996,0
10997,O
10998,D
10999,E
11000,A
11001,S
11002,I
11003,e
11004,D
11005,R
11006,A
11007,O
11008,I
11009,O
11010,N
11011,I
11012,R
11013,A
11014,E
11015,N
11016,A
11017,N
11018,O
11019,A
11020,s
11021,E
11022,r
11023,I
11024,A
11025,I
11026,S
11027,n
11028,N
11029,O
11030,a
11031,a
11032,T
11033,S
11034,C
11035,E
11036,T
11037,C
11038,I
11039,i
11040,F
11041,A
11042,I
11043,A
11044,O
11045,h
11046,O
11047,E
11048,A
11049,N
11050,A
11051,C
11052,i
11053,O
11054,P
11055,t
11056,G
11057,E
11058,E
11059,A
11060,A
11061,T
11062,A
11063,R
11064,V
11065,J
11066,O
11067,O
11068,R
11069,S
11070,E
11071,r
11072,K
11073,I
11074,E
11075,N
11076,h
11077,E
11078,4
11079,E
11080,I
11081,L
11082,L
11083,N
11084,A
11085,n
11086,6
11087,A
11088,2
11089,a
11090,A
11091,T
11092,E
11093,N
11094,A
11095,A
11096,E
11097,O
11098,I
11099,A
11100,r
11101,O
11102,A
11103,O
11104,C
11105,N
11106,e
11107,L
11108,T
11109,O
11110,E
11111,H
11112,E
11113,A
11114,I
11115,A
11116,h
11117,G
11118,S
11119,O
11120,3
11121,R
11122,I
11123,A
11124,E
11125,R
11126,R
11127,r
11128,O
11129,O
11130,e
11131,O
11132,D
11133,I
11134,I
11135,N
11136,H
11137,C
11138,i
11139,A
11140,D
11141,C
11142,t
11143,G
11144,E
11145,H
11146,M
11147,P
11148,H
11149,O
11150,O
11151,N
11152,A
11153,F
11154,N
11155,A
11156,M
11157,E
11158,A
11159,B
11160,G
11161,I
11162,E
11163,S
11164,O
11165,R
11166,A
11167,E
11168,O
11169,A
11170,A
11171,I
11172,F
11173,s
11174,N
11175,e
11176,R
11177,e
11178,S
11179,T
11180,T
11181,e
11182,A
11183,S
11184,A
11185,r
11186,D
11187,O
11188,O
11189,A
11190,L
11191,C
11192,A
11193,D
11194,N
11195,I
11196,S
11197,A
11198,R
11199,P
11200,G
11201,M
11202,A
11203,T
11204,N
11205,I
11206,G
11207,E
11208,R
11209,A
11210,R
11211,N
11212,A
11213,S
11214,A
11215,a
11216,E
11217,N
11218,E
11219,R
11220,A
11221,O
11222,I
11223,E
11224,i
11225,D
11226,M
11227,R
11228,O
11229,D
11230,R
11231,z
11232,1
11233,A
11234,A
11235,E
11236,R
11237,O
11238,O
11239,N
11240,I
11241,L
11242,R
11243,E
11244,I
11245,O
11246,n
11247,M
11248,O
11249,n
11250,R
11251,O
11252,S
11253,R
11254,i
11255,O
11256,P
11257,N
11258,I
11259,E
11260,a
11261,N
11262,D
11263,r
11264,P
11265,O
11266,A
11267,E
11268,R
11269,n
11270,A
11271,C
11272,L
11273,L
11274,E
11275,Y
11276,S
11277,D
11278,R
11279,N
11280,O
11281,T
11282,A
11283,A
11284,S
11285,E
11286,T
11287,I
11288,M
11289,r
11290,1
11291,R
11292,S
11293,O
11294,I
11295,A
11296,T
11297,L
11298,0
11299,A
11300,P
11301,D
11302,N
11303,R
11304,A
11305,T
11306,T
11307,S
11308,t
11309,E
11310,A
11311,P
11312,S
11313,I
11314,R
11315,0
11316,I
11317,H
11318,e
11319,N
11320,E
11321,I
11322,R
11323,I
11324,E
11325,P
11326,5
11327,A
11328,H
11329,0
11330,T
11331,E
11332,A
11333,I
11334,T
11335,D
11336,E
11337,A
11338,i
11339,0
11340,O
11341,V
11342,a
11343,I
11344,H
11345,A
11346,A
11347,O
11348,E
11349,O
11350,S
11351,D
11352,T
11353,C
11354,A
11355,y
11356,C
11357,E
11358,C
11359,L
11360,N
11361,T
11362,T
11363,A
11364,E
11365,r
11366,T
11367,A
11368,S
11369,R
11370,A
11371,T
11372,L
11373,i
11374,h
11375,S
11376,A
11377,2
11378,A
11379,A
11380,C
11381,N
11382,S
11383,e
11384,R
11385,6
11386,I
11387,e
11388,E
11389,R
11390,E
11391,0
11392,O
11393,O
11394,A
11395,N
11396,C
11397,O
11398,R
11399,O
11400,N
11401,T
11402,T
11403,L
11404,a
11405,G
11406,A
11407,T
11408,N
11409,H
11410,A
11411,S
11412,I
11413,C
11414,e
11415,T
11416,S
11417,r
11418,e
11419,O
11420,a
11421,O
11422,A
11423,A
11424,e
11425,I
11426,E
11427,e
11428,N
11429,T
11430,E
11431,R
11432,L
11433,H
11434,O
11435,S
11436,E
11437,C
11438,A
11439,9
11440,O
11441,R
11442,A
11443,A
11444,E
11445,I
11446,A
11447,E
11448,N
11449,n
11450,E
11451,I
11452,N
11453,E
11454,S
11455,E
11456,Y
11457,a
11458,E
11459,e
11460,R
11461,S
11462,I
11463,R
11464,I
11465,L
11466,S
11467,H
11468,A
11469,U
11470,T
11471,s
11472,h
11473,i
11474,1
11475,A
11476,S
11477,A
11478,E
11479,C
11480,0
11481,o
11482,I
11483,N
11484,K
11485,F
11486,D
11487,N
11488,R
11489,N
11490,R
11491,E
11492,R
11493,D
11494,E
11495,A
11496,C
11497,r
11498,3
11499,2
11500,O
11501,R
11502,E
11503,I
11504,A
11505,e
11506,O
11507,C
11508,I
11509,o
11510,A
11511,r
11512,I
11513,O
11514,E
11515,D
11516,O
11517,C
11518,H
11519,c
11520,I
11521,S
11522,M
11523,L
11524,O
11525,O
11526,i
11527,E
11528,O
11529,O
11530,A
11531,A
11532,A
11533,E
11534,A
11535,C
11536,T
11537,A
11538,D
11539,A
11540,V
11541,H
11542,R
11543,R
11544,A
11545,C
11546,M
11547,i
11548,i
11549,O
11550,O
11551,S
11552,e
11553,I
11554,t
11555,I
11556,A
11557,C
11558,R
11559,n
11560,A
11561,a
11562,I
11563,i
11564,A
11565,E
11566,n
11567,A
11568,S
11569,J
11570,I
11571,I
11572,n
11573,e
11574,T
11575,A
11576,0
11577,N
11578,L
11579,S
11580,O
11581,L
11582,O
11583,n
11584,I
11585,I
11586,S
11587,R
11588,O
11589,L
11590,7
11591,E
11592,D
11593,T
11594,O
11595,I
11596,R
11597,M
11598,T
11599,N
11600,T
11601,R
11602,D
11603,n
11604,A
11605,A
11606,D
11607,O
11608,D
11609,S
11610,H
11611,K
11612,E
11613,R
11614,4
11615,r
11616,n
11617,V
11618,A
11619,A
11620,A
11621,E
11622,T
11623,E
11624,R
11625,T
11626,l
11627,d
11628,O
11629,K
11630,T
11631,T
11632,A
11633,S
11634,A
11635,P
11636,o
11637,T
11638,a
11639,S
11640,C
11641,I
11642,I
11643,N
11644,E
11645,T
11646,H
11647,r
11648,A
11649,A
11650,I
11651,T
11652,E
11653,R
11654,O
11655,C
11656,5
11657,O
11658,I
11659,R
11660,e
11661,A
11662,L
11663,E
11664,A
11665,O
11666,S
11667,E
11668,W
11669,R
11670,I
11671,S
11672,V
11673,S
11674,N
11675,L
11676,E
11677,N
11678,A
11679,o
11680,S
11681,H
11682,O
11683,s
11684,e
11685,T
11686,l
11687,a
11688,E
11689,R
11690,C
11691,A
11692,N
11693,A
11694,R
11695,G
11696,6
11697,A
11698,J
11699,I
11700,I
11701,E
11702,A
11703,L
11704,A
11705,A
11706,a
11707,L
11708,t
11709,T
11710,e
11711,C
11712,a
11713,L
11714,g
11715,A
11716,N
11717,I
11718,B
11719,T
11720,C
11721,R
11722,n
11723,A
11724,E
11725,O
11726,N
11727,e
11728,H
11729,e
11730,A
11731,T
11732,S
11733,I
11734,r
11735,C
11736,e
11737,I
11738,D
11739,0
11740,e
11741,E
11742,E
11743,D
11744,T
11745,N
11746,1
11747,e
11748,A
11749,A
11750,H
11751,E
11752,A
11753,e
11754,S
11755,S
11756,A
11757,r
11758,E
11759,I
11760,S
11761,N
11762,N
11763,M
11764,n
11765,e
11766,A
11767,W
11768,I
11769,O
11770,H
11771,N
11772,O
11773,N
11774,O
11775,E
11776,S
11777,A
11778,G
11779,T
11780,R
11781,S
11782,E
11783,N
11784,A
11785,I
11786,E
11787,R
11788,C
11789,R
11790,a
11791,E
11792,L
11793,V
11794,A
11795,i
11796,A
11797,i
11798,R
11799,E
11800,A
11801,N
11802,A
11803,E
11804,e
11805,I
11806,2
11807,T
11808,A
11809,K
11810,O
11811,T
11812,R
11813,O
11814,E
11815,S
11816,r
11817,S
11818,Y
11819,O
11820,R
11821,N
11822,Y
11823,n
11824,A
11825,I
11826,E
11827,s
11828,A
11829,R
11830,I
11831,t
11832,I
11833,N
11834,E
11835,a
11836,O
11837,N
11838,E
11839,E
11840,E
11841,d
11842,I
11843,N
11844,E
11845,C
11846,T
11847,R
11848,o
11849,N
11850,R
11851,O
11852,U
11853,A
11854,D
11855,V
11856,I
11857,I
11858,4
11859,D
11860,R
11861,a
11862,I
11863,E
11864,F
11865,I
11866,A
11867,A
11868,t
11869,O
11870,A
11871,T
11872,a
11873,A
11874,A
11875,O
11876,H
11877,R
11878,A
11879,O
11880,N
11881,R
11882,O
11883,N
11884,1
11885,I
11886,A
11887,R
11888,T
11889,M
11890,i
11891,d
11892,T
11893,T
11894,O
11895,N
11896,S
11897,e
11898,O
11899,A
11900,C
11901,s
11902,H
11903,T
11904,I
11905,o
11906,H
11907,A
11908,S
11909,F
11910,L
11911,A
11912,R
11913,E
11914,M
11915,C
11916,S
11917,S
11918,O
11919,M
11920,M
11921,P
11922,I
11923,A
11924,e
11925,M
11926,R
11927,O
11928,L
11929,R
11930,A
11931,O
11932,O
11933,O
11934,E
11935,2
11936,O
11937,L
11938,T
11939,e
11940,C
11941,O
11942,N
11943,A
11944,C
11945,S
11946,A
11947,T
11948,R
11949,O
11950,D
11951,O
11952,A
11953,T
11954,I
11955,O
11956,O
11957,G
11958,I
11959,R
11960,e
11961,D
11962,E
11963,E
11964,E
11965,S
11966,A
11967,I
11968,A
11969,l
11970,T
11971,E
11972,I
11973,a
11974,T
11975,O
11976,I
11977,E
11978,O
11979,A
11980,e
11981,P
11982,N
11983,R
11984,A
11985,O
11986,D
11987,H
11988,D
11989,E
11990,O
11991,A
11992,R
11993,R
11994,A
11995,C
11996,M
11997,t
11998,A
11999,E
12000,T
12001,t
12002,A
12003,W
12004,R
12005,r
12006,A
12007,M
12008,A
12009,E
12010,H
12011,I
12012,A
12013,E
12014,7
12015,P
12016,A
12017,R
12018,A
12019,D
12020,T
12021,I
12022,A
12023,E
12024,S
12025,N
12026,S
12027,N
12028,C
12029,I
12030,e
12031,A
12032,D
12033,l
12034,O
12035,R
12036,s
12037,E
12038,A
12039,E
12040,D
12041,D
12042,E
12043,O
12044,I
12045,N
12046,S
12047,I
12048,R
12049,C
12050,D
12051,S
12052,A
12053,E
12054,S
12055,R
12056,A
12057,R
12058,0
12059,R
12060,A
12061,R
12062,I
12063,T
12064,R
12065,a
12066,e
12067,T
12068,H
12069,I
12070,A
12071,H
12072,C
12073,A
12074,A
12075,O
12076,E
12077,R
12078,E
12079,h
12080,h
12081,E
12082,a
12083,I
12084,A
12085,D
12086,A
12087,N
12088,A
12089,S
12090,A
12091,A
12092,M
12093,I
12094,r
12095,I
12096,L
12097,e
12098,e
12099,R
12100,7
12101,r
12102,E
12103,0
12104,E
12105,I
12106,A
12107,I
12108,Y
12109,o
12110,e
12111,A
12112,A
12113,S
12114,N
12115,S
12116,K
12117,E
12118,r
12119,N
12120,i
12121,V
12122,E
12123,T
12124,L
12125,T
12126,I
12127,O
12128,S
12129,O
12130,K
12131,O
12132,R
12133,R
12134,E
12135,O
12136,I
12137,O
12138,O
12139,A
12140,D
12141,C
12142,L
12143,s
12144,A
12145,A
12146,E
12147,I
12148,A
12149,E
12150,R
12151,D
12152,E
12153,R
12154,C
12155,r
12156,T
12157,A
12158,L
12159,O
12160,L
12161,A
12162,O
12163,T
12164,O
12165,O
12166,A
12167,O
12168,P
12169,D
12170,S
12171,c
12172,A
12173,I
12174,T
12175,I
12176,S
12177,A
12178,E
12179,O
12180,M
12181,C
12182,D
12183,A
12184,0
12185,B
12186,A
12187,O
12188,i
12189,E
12190,N
12191,A
12192,a
12193,E
12194,E
12195,N
12196,I
12197,0
12198,3
12199,C
12200,A
12201,E
12202,A
12203,I
12204,T
12205,E
12206,A
12207,A
12208,Y
12209,E
12210,I
12211,H
12212,A
12213,A
12214,N
12215,E
12216,O
12217,S
12218,T
12219,N
12220,N
12221,I
12222,N
12223,N
12224,R
12225,E
12226,I
12227,D
12228,I
12229,S
12230,O
12231,E
12232,M
12233,r
12234,e
12235,E
12236,A
12237,T
12238,A
12239,T
12240,E
12241,R
12242,A
12243,A
12244,A
12245,H
12246,R
12247,M
12248,E
12249,A
12250,S
12251,m
12252,D
12253,n
12254,t
12255,t
12256,O
12257,J
12258,1
12259,e
12260,R
12261,O
12262,I
12263,O
12264,I
12265,C
12266,C
12267,B
12268,O
12269,O
12270,B
12271,O
12272,2
12273,T
12274,O
12275,G
12276,O
12277,A
12278,C
12279,e
12280,N
12281,E
12282,D
12283,E
12284,C
12285,T
12286,A
12287,E
12288,N
12289,E
12290,N
12291,a
12292,A
12293,A
12294,N
12295,N
12296,E
12297,A
12298,C
12299,O
12300,I
12301,N
12302,E
12303,O
12304,A
12305,E
12306,A
12307,O
12308,5
12309,r
12310,e
12311,A
12312,A
12313,D
12314,M
12315,A
12316,R
12317,D
12318,O
12319,n
12320,R
12321,C
12322,i
12323,e
12324,R
12325,A
12326,N
12327,T
12328,I
12329,I
12330,I
12331,D
12332,F
12333,F
12334,r
12335,O
12336,N
12337,H
12338,N
12339,7
12340,H
12341,R
12342,S
12343,T
12344,E
12345,r
12346,I
12347,O
12348,m
12349,A
12350,A
12351,S
12352,A
12353,E
12354,R
12355,n
12356,E
12357,A
12358,R
12359,O
12360,A
12361,O
12362,I
12363,V
12364,E
12365,P
12366,N
12367,H
12368,E
12369,I
12370,A
12371,O
12372,E
12373,E
12374,N
12375,2
12376,C
12377,N
12378,C
12379,0
12380,N
12381,P
12382,T
12383,O
12384,N
12385,A
12386,C
12387,I
12388,E
12389,O
12390,N
12391,I
12392,L
12393,r
12394,A
12395,A
12396,C
12397,A
12398,E
12399,A
12400,A
12401,E
12402,L
12403,I
12404,D
12405,A
12406,H
12407,E
12408,T
12409,L
12410,N
12411,O
12412,N
12413,I
12414,t
12415,m
12416,E
12417,I
12418,o
12419,7
12420,S
12421,D
12422,I
12423,R
12424,R
12425,B
12426,A
12427,R
12428,R
12429,O
12430,e
12431,N
12432,r
12433,A
12434,i
12435,A
12436,A
12437,A
12438,R
12439,I
12440,R
12441,R
12442,N
12443,A
12444,O
12445,i
12446,S
12447,E
12448,O
12449,L
12450,A
12451,A
12452,A
12453,E
12454,A
12455,C
12456,I
12457,A
12458,I
12459,l
12460,A
12461,S
12462,i
12463,E
12464,Y
12465,E
12466,N
12467,e
12468,e
12469,N
12470,a
12471,T
12472,O
12473,A
12474,E
12475,I
12476,A
12477,T
12478,n
12479,A
12480,O
12481,l
12482,A
12483,L
12484,O
12485,R
12486,E
12487,A
12488,m
12489,A
12490,S
12491,S
12492,A
12493,A
12494,A
12495,C
12496,E
12497,T
12498,I
12499,C
12500,j
12501,A
12502,N
12503,N
